{
    "rmse": 0.8158919069243574,
    "mae": 0.6628179087414352,
    "r2": -0.0024499099626411613
}