{
    "rmse": 0.8168807615923719,
    "mae": 0.66126691824692,
    "r2": -0.0048813055303271735
}